,all,cluster_tokens,cluster_No,Clu_name
0,"['случай', 'страна', 'число', 'италия', 'умирать', 'количество', 'китай', 'заболевать', 'заражать', 'смерть', 'заражение', 'данные', 'тысяча', 'смертность', 'вирус', 'испания', 'статистика', 'covid', 'сутки', 'март', 'распространение', 'германия', 'эпидемия', 'год', 'население', 'тыс', 'день', 'больной', 'здравоохранение', 'умерший', 'заболевание', 'карантин', 'заражаться', 'составлять', 'выявлять', 'инфицировать', 'выздоравливать', 'новый', 'скончаться', 'мир', 'сша', 'неделя', 'корея', 'южный', 'зарегистрировать', 'цифра', 'провинция', 'россия', 'инфицированный', 'пик']","['ежедневно', 'вылечиваться', 'обгонять', 'миллион', 'заболеваемость', 'скончаться', 'небольшой', 'менее', 'лидировать', 'выявление', 'снижение', 'смерть', 'большой', 'вчерашний', 'подтверждать', 'официальный', 'предыдущий', 'седьмой', 'известно', 'исход', 'протестировать', 'тысяча', 'умирать', 'заражение', 'инфицирование', 'первый', 'увеличиваться', 'тыс', 'отметка', 'число', 'течение', 'москва', 'летальный', 'ом', 'итого', 'нулевой', 'нью-йорк', 'зарегистрировать', 'половина', 'динамика', 'график', 'человек', 'вспышка', 'ежедневный', 'смертность', 'стокгольм', 'данные', 'рекордный', 'третий', 'обнаруживать', 'случай', 'сегодняшний', 'прошедший', 'возрастать', 'область', 'индекс', 'инфицировать', 'нью', 'летальность', 'официально', 'вчера', 'сравнивать', 'погибать', 'догонять', 'общий', 'прогноз', 'выздоравливать', 'заметный', 'коронавирусный', 'труп', 'статистика', 'население', 'тестирование', 'умерший', 'спад', 'пиндостан', 'заражаться', 'сотня', 'бушевать', 'выявлять', 'предел', 'бессимптомный', 'оценка', 'йорк', 'грипп', 'подряд', 'бергамо', 'заболевать', 'результат', 'зафиксировать', 'новый', 'жертва', 'подробно', 'сезонный', 'резкий', 'средний', 'второй', 'пожар', 'превышать', 'сутки', 'количество', 'градус', 'covid', 'последний', 'заражать', 'пиндос', 'эпицентр', 'очаг', 'пик', 'чело', 'процент', 'инфицированный', 'кол', 'впервые', 'достигать', 'американка', 'составлять', 'тест', 'ноль', 'цифра', 'примерный']",8,Death and Infection Stats
1,"['больница', 'врач', 'пациент', 'тест', 'аппарат', 'больной', 'ивл', 'койка', 'палата', 'коммунарка', 'медсестра', 'отделение', 'скорый', 'медицинский', 'анализ', 'медик', 'приезжать', 'персонал', 'принц', 'рассказывать', 'лещенко', 'костюм', 'симптом', 'главврач', 'лечение', 'результат', 'летний', 'сообщать', 'положительный', 'отрицательный', 'лев', 'вернуться', 'подозрение', 'помощь', 'санаторий', 'тяжесть', 'чарльз', 'инфекционист', 'здравоохранение', 'плановый', 'сказать', 'дома', 'помещать', 'реанимационный', 'певец', 'находиться', 'карелия', 'проценко', 'песков', 'день']","['легкое', 'инсульт', 'положительный', 'госпитализировать', 'пневмония', 'вскрытие', 'антикоагулянт', 'куршевелец', 'тяжесть', 'пожилой', 'кислород', 'скорый', 'прием', 'болеть', 'ивл', 'мужчина', 'лечить', 'новорожденный', 'сердце', 'болезнь', 'тестировать', 'заболевание', 'реанимационный', 'инфекционный', 'состояние', 'тесто', 'коммунарка', 'отрицательный', 'терапия', 'инфекция', 'перепрофилировать', 'морг', 'врач', 'лечиться', 'внебольничный', 'ковид', 'медсестра', 'протекать', 'стационар', 'джонсон', 'реанимация', 'пациент', 'клинический', 'медперсонал', 'диагноз', 'медик', 'отделение', 'койка', 'кашель', 'палата', 'лечение', 'рак', 'температура', 'выписывать', 'беременный', 'здоровый', 'анализ', 'больничный', 'больной', 'поликлиника', 'вылечивать', 'боль', 'короновирус', 'медработник', 'орит', 'острый', 'пациентка', 'помещать', 'больница', 'переболеть', 'легкий', 'госпиталь', 'симптом', 'признак', 'подозрение', 'тяжелый']",14,Disease Treatment
2,"['грипп', 'вирус', 'организм', 'кашель', 'температура', 'препарат', 'маска', 'иммунитет', 'легкое', 'иммунный', 'симптом', 'боль', 'кислород', 'поверхность', 'вирусный', 'рука', 'легкий', 'кровь', 'заболевание', 'болезнь', 'пневмония', 'антибиотик', 'горло', 'сухой', 'мыло', 'лекарство', 'переболеть', 'клетка', 'тело', 'респираторный', 'носить', 'болеть', 'жидкость', 'протекать', 'мытье', 'гидроксихлорохин', 'лечение', 'средство', 'высокий', 'бактерия', 'тяжелый', 'обычный', 'спирт', 'пациент', 'мочь', 'головной', 'бактериальный', 'день', 'размножаться', 'альвеола']","['почка', 'ген', 'слой', 'кровь', 'вышка', 'поверхность', 'спектр', 'sars', 'белок', 'бактерия', 'вирус', 'ткань', 'витамин', 'тип', 'клетка', 'жидкость', 'мозг', 'чихание', 'воздух', 'тело', 'животное', 'патоген', 'растение', 'рецептор', 'размножаться', 'передаваться', 'бодрствование', 'поражать', 'проникновение', 'доза', 'тромбообразование', 'капля', 'противовирусный', 'иммунитет', 'мышь', 'атмосфера', 'малярийный', 'отход', 'cov', 'микроорганизм', 'организм', 'кошка', 'mers', 'головной', 'гликопротеин', 'альвеола', 'ротовой', 'антитело', 'геном', 'плазмодий', 'вирусный', 'расширяться', 'влажность', 'деление', 'мембрана', 'летучий', 'панголин', 'респираторный', 'обладать', 'коронка', 'полость', 'ncov', 'оболочка', 'проникать', 'клеточный', 'мутировать', 'иммунный', 'легочный', 'сходство', 'генетический', 'вес', 'везикл', 'эритроцит', 'передача', 'частота', 'энергия', 'антибиотик', 'комбинация', 'загадка', 'бактериальный', 'паразит', 'рнк', 'частица']",13,COVID chemistry
3,"['маска', 'магазин', 'дом', 'день', 'улица', 'карантин', 'сидеть', 'дома', 'ходить', 'выходить', 'закрывать', 'работать', 'продукт', 'город', 'купить', 'ребенок', 'неделя', 'аптека', 'ехать', 'рука', 'машина', 'гулять', 'туалетный', 'утро', 'сегодня', 'бумага', 'жить', 'квартира', 'друг', 'оставаться', 'ездить', 'метр', 'думать', 'домой', 'мама', 'поезд', 'знать', 'время', 'метро', 'работа', 'муж', 'перчатка', 'очень', 'место', 'дистанция', 'гречка', 'сказать', 'стена', 'заказывать', 'лес']","['завод', 'закрытый', 'дорога', 'борисполь', 'карета', 'переулок', 'двор', 'транспорт', 'парикмахерская', 'красный', 'пробка', 'река', 'улица', 'ворота', 'офис', 'закрывать', 'вход', 'куршевель', 'приезжий', 'красота', 'магазин', 'садовый', 'тц', 'отель', 'пруд', 'помещение', 'улочка', 'сад', 'морской', 'салон', 'аэропорт', 'оттуда', 'ферма', 'метрополитен', 'свободно', 'маршрут', 'лагерь', 'стройка', 'метро', 'прогулка', 'подъезд', 'автомобиль', 'закрываться', 'ресторан', 'метр', 'пустой', 'книжный', 'турин', 'санаторий', 'площадка', 'пляж', 'прадо', 'павильон', 'мост', 'толпа', 'зал', 'лес', 'набережная', 'турист', 'поезд', 'синдзюк', 'гостиница', 'располагаться', 'брайтон', 'кафе', 'дверь', 'троллейбус', 'машина', 'окно', 'железнодорожный', 'пустынный', 'трущоба', 'городок', 'парк', 'пикет', 'курорт', 'город', 'стадион', 'гроб', 'оранжевый', 'микрорайон', 'такси', 'площадь', 'кофейня', 'станция', 'замок', 'пассажир', 'здание', 'мимо']",6,Locations
4,"['бесплатный', 'онлайн', 'игра', 'канал', 'книга', 'поделиться', 'видео', 'доступ', 'компьютер', 'блог', 'сайт', 'подписываться', 'мара', 'обучение', 'фильм', 'пользователь', 'комментарий', 'пожаловаться', 'музей', 'английский', 'конкурентный', 'ссылка', 'просмотр', 'сериал', 'мобильный', 'олимпийский', 'yushchuk', 'дистанционный', 'продажа', 'виртуальный', 'чат', 'занятие', 'проект', 'олимпиада', 'преподаватель', 'искусство', 'матч', 'школа', 'открывать', 'токио', 'телефон', 'промокод', 'сборная', 'bank', 'издательство', 'валя', 'читать', 'code', 'компания', 'работа']","['олимпиада', 'онлайн', 'валентин', 'профессия', 'обучение', 'учитель', 'математика', 'спортсмен', 'субботник', 'музей', 'музыкальный', 'формат', 'сборная', 'лекция', 'дискотека', 'отдых', 'музыка', 'слепой', 'сессия', 'футболист', 'театр', 'путешествие', 'лига', 'встреча', 'олимпийский', 'курсы', 'матч', 'библиотека', 'задание', 'виртуальный', 'турнир', 'игрок', 'тренировка', 'тренироваться', 'занятие', 'детский', 'спектакль', 'искусство', 'школьник', 'преподаватель', 'тур', 'музыкант', 'культура', 'флешмоб', 'вебинар', 'футбол', 'дистанционный', 'вебки', 'развлечение', 'вуз', 'конкурс', 'класс', 'кино', 'студент', 'секс', 'трансляция', 'школа', 'зритель', 'фестиваль', 'английский', 'концерт', 'образовательный', 'выставка', 'ученик', 'образование', 'кинотеатр', 'играть', 'чемпионат', 'клуб', 'игра', 'футбольный', 'сеанс', 'егэ', 'спорт', 'урок', 'учебный', 'тренировочный']",22,Lockdown activities
5,"['россия', 'италия', 'военный', 'помощь', 'российский', 'итальянский', 'войско', 'самолет', 'путин', 'ес', 'борьба', 'санкция', 'рф', 'нато', 'гуманитарный', 'страна', 'оборона', 'итальянец', 'москва', 'военнослужащий', 'специалист', 'оборудование', 'крым', 'русский', 'учение', 'техника', 'рим', 'европа', 'оказывать', 'вирусолог', 'минобороны', 'la', 'кремль', 'европейский', 'вооруженный', 'китай', 'новосибирск', 'ил', 'stampa', 'сила', 'оккупировать', 'сирия', 'группировка', 'заявлять', 'помогать', 'бактериологический', 'мо', 'эхо', 'маска', 'эрдоган']","['европа', 'франция', 'британия', 'таджикистан', 'кндр', 'канада', 'иран', 'провинция', 'эстония', 'королевство', 'сербия', 'ирландия', 'беларусь', 'кубинский', 'украинец', 'испания', 'южный', 'колумбия', 'ес', 'прибывать', 'швеция', 'сирия', 'саудовский', 'австрия', 'республика', 'европейский', 'нидерланды', 'куба', 'турция', 'монголия', 'латинский', 'заробитчанин', 'рубеж', 'грузия', 'страна', 'северный', 'словакия', 'азербайджан', 'азия', 'север', 'китай', 'великобритания', 'лондон', 'латвия', 'кипр', 'германия', 'нато', 'индийский', 'африка', 'авианосец', 'япония', 'корея', 'куб', 'донбасс', 'белоруссия', 'италия', 'украина', 'узбекистан', 'остров', 'финляндия', 'бразилия', 'чехия', 'иностранец', 'кейс', 'бельгия', 'америка', 'кнр', 'россия', 'родина', 'граница', 'армения', 'штат', 'сша', 'индия', 'аравия', 'польша', 'рим']",2,Countries
6,"['украина', 'украинский', 'киев', 'зеленский', 'депутат', 'украинец', 'аваков', 'лечиться', 'александровский', 'лукашенко', 'гривна', 'киевский', 'куршевель', 'донбасс', 'экспресс', 'мвф', 'сбу', 'заробитчанин', 'область', 'шахов', 'миллиардер', 'слуга', 'инфекционный', 'олигарх', 'вип', 'донецк', 'коломойский', 'президент', 'майдан', 'ходос', 'народный', 'дефолт', 'порошенко', 'государственный', 'глава', 'сессия', 'рада', 'шендерович', 'хмельницкий', 'страна', 'граница', 'состояние', 'борисполь', 'эдуард', 'харьковский', 'куршевелец', 'власть', 'хорошковский', 'мент', 'собираться']","['элита', 'илларионов', 'критика', 'преступный', 'михалков', 'партия', 'российский', 'скандал', 'конспирология', 'порошенко', 'кургинян', 'итальянский', 'бунт', 'теория', 'американский', 'путинский', 'либеральный', 'очередной', 'авторитарный', 'канцлер', 'идея', 'аваков', 'избранный', 'противостояние', 'шведский', 'кс', 'прорыв', 'недовольство', 'вашингтон', 'путин', 'критиковать', 'политик', 'причастный', 'народный', 'всемирный', 'мнение', 'бла', 'демократ', 'демократия', 'обвинять', 'чиновник', 'союзник', 'эрдоган', 'слово', 'билл', 'конспиролог', 'сорос', 'истерия', 'лукашенко', 'разоблачать', 'отставка', 'михалкова', 'меркель', 'кремль', 'бесогон', 'лидер', 'пекин', 'некомпетентный', 'американец', 'сми', 'олигарх', 'событие', 'кандидат', 'воз', 'выступление', 'чипирование', 'халатность', 'информационный', 'сенатор', 'заговор', 'разговор', 'гейтс', 'дезинформация', 'украинский', 'белорусский', 'политика', 'коррупция', 'белый', 'коломойский', 'кремлевский', 'кампания', 'выборы', 'влиятельный', 'либерал', 'батька', 'утверждение', 'трамп', 'заявление', 'дональд', 'повод', 'пропаганда', 'санкция', 'послание', 'слуга', 'афера', 'зеленский', 'президент', 'расследование', 'ругать', 'популизм', 'сообщество', 'греф', 'нация', 'политический']",19,"Politics, Conspirology"
7,"['сша', 'экономика', 'кризис', 'экономический', 'трамп', 'мировой', 'год', 'американский', 'нефть', 'доллар', 'глобальный', 'цена', 'страна', 'национальный', 'мир', 'война', 'ядерный', 'пандемия', 'финансовый', 'рынок', 'американец', 'америка', 'государство', 'европейский', 'штат', 'оружие', 'лидер', 'новый', 'президент', 'дональд', 'приводить', 'газ', 'крах', 'саммит', 'капитализм', 'правительство', 'аналитик', 'европа', 'рецессия', 'демократ', 'система', 'фрс', 'вооружение', 'вашингтон', 'газпром', 'демократия', 'кндр', 'глобализация', 'экспорт', 'золото']","['финансовый', 'хаос', 'цена', 'безработица', 'доллар', 'сектор', 'рецессия', 'экспорт', 'капитал', 'государство', 'дефицит', 'акция', 'международный', 'катастрофа', 'рынок', 'недвижимость', 'газпром', 'богатый', 'фонд', 'дефолт', 'банкротство', 'глобализация', 'инвестор', 'отрасль', 'сфера', 'бедность', 'фон', 'финансирование', 'экономический', 'газ', 'компания', 'капитализм', 'аналитик', 'торговля', 'мировой', 'нефтяной', 'миллиард', 'золото', 'экономика', 'нефть', 'глобальный', 'резервный', 'крупный', 'фрс', 'потребление', 'вклад', 'производство', 'энергетический', 'торговый', 'государственный', 'потеря', 'крах', 'резерв', 'мвф', 'туризм', 'оптимизация', 'стабильность', 'отечественный', 'спрос', 'миллиардер', 'бизнес', 'падение', 'млрд', 'кризис']",11,Financial crisis
8,"['бизнес', 'налог', 'путин', 'доход', 'зарплата', 'компания', 'выплата', 'кредит', 'поддержка', 'малый', 'предприятие', 'нерабочий', 'мера', 'гражданин', 'обращение', 'банк', 'каникулы', 'работа', 'ставка', 'предлагать', 'президент', 'рубль', 'налоговый', 'работодатель', 'выходной', 'работник', 'отсрочка', 'средний', 'пособие', 'неделя', 'голосование', 'страна', 'платить', 'получать', 'безработица', 'деньги', 'месяц', 'расход', 'оплата', 'вклад', 'отрасль', 'выплачивать', 'банкротство', 'плата', 'россия', 'дивиденд', 'льгота', 'работать', 'карантин', 'платеж']","['невыплата', 'оплата', 'обслуживание', 'клиент', 'малый', 'отпуск', 'тенге', 'сбербанк', 'авиакомпания', 'предприятие', 'арендный', 'работник', 'взыскание', 'отсрочка', 'оплачивать', 'абонемент', 'зарабатывать', 'налог', 'ставка', 'кредитный', 'размер', 'кредит', 'увольнять', 'аренда', 'тариф', 'руб', 'зарплата', 'заработный', 'бизнесмен', 'выручка', 'работодатель', 'безработный', 'услуга', 'потратить', 'жидомор', 'каникулы', 'пожизненный', 'бюджетный', 'жкх', 'заплатить', 'пособие', 'предложение', 'платить', 'надбавка', 'мигрант', 'льгота', 'жилье', 'нерабочий', 'выплата', 'платеж', 'реновация', 'труд', 'частный', 'субсидия', 'доплата', 'работа', 'расход', 'риэлтор', 'временно', 'деньги', 'предлагать', 'поддержка', 'банк', 'рабочий', 'арендодатель', 'рубль', 'евро', 'гривна', 'плата', 'выплачивать', 'рассчитывать', 'предприниматель', 'дивиденд', 'арендатор', 'доход', 'бюджет', 'обещать', 'налоговый', 'владелец']",21,Financial aid & Credit offers
9,"['март', 'область', 'гражданин', 'режим', 'организация', 'распространение', 'нарушение', 'также', 'мера', 'чрезвычайный', 'штраф', 'ограничение', 'указ', 'федерация', 'территория', 'орган', 'москва', 'безопасность', 'работа', 'введение', 'вводить', 'необходимость', 'московский', 'лицо', 'связь', 'срок', 'правило', 'коронавирусный', 'санитарный', 'российский', 'запрет', 'общественный', 'ответственность', 'услуга', 'инфекция', 'комендантский', 'постановление', 'деятельность', 'карантин', 'распоряжение', 'правительство', 'предотвращение', 'обеспечение', 'власть', 'медицинский', 'случай', 'лишение', 'год', 'объект', 'россия']","['перечень', 'карантин', 'поправка', 'гражданин', 'силовик', 'домашний', 'положение', 'житель', 'чп', 'распоряжение', 'общественный', 'фсин', 'комендантский', 'митинг', 'указ', 'вывоз', 'кабмин', 'полиция', 'ношение', 'запрет', 'контроль', 'карательный', 'закон', 'обязанность', 'карантинный', 'полицейский', 'информирование', 'скопление', 'конституционный', 'суд', 'свобода', 'лишение', 'требовать', 'пункт', 'добровольный', 'территория', 'москвич', 'штраф', 'дистанция', 'роспотребнадзор', 'соблюдение', 'обращение', 'правонарушение', 'протест', 'всеобщий', 'право', 'собянин', 'введение', 'выезд', 'ограничение', 'уголовный', 'мероприятие', 'передвижение', 'заключенный', 'лицо', 'инструкция', 'федерация', 'мэр', 'запрещать', 'рекомендация', 'въезд', 'соответствие', 'конституция', 'ограничительный', 'жесткий', 'предосторожность', 'штрафовать', 'ответственность', 'исполнение', 'призыв', 'подчиняться', 'требование', 'нарушение', 'отказ', 'нарушитель', 'эпидемиологический', 'постановление', 'правительство', 'блокировка', 'регион', 'правило', 'административный', 'самоизоляция', 'проверка', 'масочный', 'вводиться', 'резидент', 'безответственно', 'наказывать', 'пропускной', 'рф', 'потребовать', 'носить', 'горожанин', 'рекомендовать', 'ограничивать', 'вводить', 'санитарный', 'мера', 'разрешать', 'коап', 'подписывать', 'преступление', 'насилие', 'нарушать', 'изоляция', 'режим', 'дистанцирование', 'обязывать', 'норма', 'повышенный', 'власть', 'безопасность', 'обязательный', 'призывать', 'посещение', 'губернатор', 'чрезвычайный', 'соблюдать', 'кодекс', 'временный', 'порядок']",5,Measures & Law
10,"['вирус', 'sars', 'ученый', 'мышь', 'исследование', 'cov', 'летучий', 'вакцина', 'китайский', 'лаборатория', 'ухань', 'исследователь', 'институт', 'испытание', 'уханьский', 'год', 'статья', 'патоген', 'научный', 'эксперимент', 'новый', 'китай', 'антитело', 'вирусология', 'происхождение', 'образец', 'биологический', 'автор', 'гусиный', 'клетка', 'ген', 'известие', 'mers', 'создавать', 'ноябрь', 'вспышка', 'центр', 'атипичный', 'геном', 'группа', 'nature', 'жанр', 'влажность', 'вызывать', 'сходство', 'панголин', 'генетический', 'монголия', 'хуйнуть', 'хантавирус']","['почка', 'ген', 'слой', 'кровь', 'вышка', 'поверхность', 'спектр', 'sars', 'белок', 'бактерия', 'вирус', 'ткань', 'витамин', 'тип', 'клетка', 'жидкость', 'мозг', 'чихание', 'воздух', 'тело', 'животное', 'патоген', 'растение', 'рецептор', 'размножаться', 'передаваться', 'бодрствование', 'поражать', 'проникновение', 'доза', 'тромбообразование', 'капля', 'противовирусный', 'иммунитет', 'мышь', 'атмосфера', 'малярийный', 'отход', 'cov', 'микроорганизм', 'организм', 'кошка', 'mers', 'головной', 'гликопротеин', 'альвеола', 'ротовой', 'антитело', 'геном', 'плазмодий', 'вирусный', 'расширяться', 'влажность', 'деление', 'мембрана', 'летучий', 'панголин', 'респираторный', 'обладать', 'коронка', 'полость', 'ncov', 'оболочка', 'проникать', 'клеточный', 'мутировать', 'иммунный', 'легочный', 'сходство', 'генетический', 'вес', 'везикл', 'эритроцит', 'передача', 'частота', 'энергия', 'антибиотик', 'комбинация', 'загадка', 'бактериальный', 'паразит', 'рнк', 'частица']",13,COVID chemistry
11,"['храм', 'святой', 'церковь', 'православный', 'богослужение', 'флудилка', 'читать', 'икона', 'рпц', 'божий', 'господь', 'молитва', 'бог', 'подробно', 'месса', 'происшествие', 'священник', 'духовный', 'вера', 'молиться', 'ежедневный', 'монастырь', 'интернет', 'патриарх', 'мария', 'общество', 'верующий', 'богородица', 'религия', 'прихожанин', 'приход', 'блядь', 'coronavirus', 'христос', 'московский', 'газета', 'митрополит', 'пресвятой', 'сын', 'чума', 'причастие', 'дева', 'ковидиот', 'земля', 'собор', 'поп', 'раб', 'веровать', 'russian', 'помойка']","['господь', 'пасхальный', 'митрополит', 'пресвятой', 'памятник', 'божий', 'церковь', 'святой', 'месса', 'собор', 'мечеть', 'причастие', 'огонь', 'храм', 'верующий', 'праздник', 'полк', 'священник', 'мусульманин', 'летие', 'честь', 'православный', 'вечерний', 'рпц', 'приход', 'лавра', 'пятничный', 'богородица', 'кулич', 'грех', 'байрам', 'патриарх', 'христос', 'ураза', 'грозный', 'монастырь', 'воскресный', 'молиться', 'торжественный', 'прихожанин', 'прощание', 'салют', 'дева', 'икона', 'богослужение', 'траур', 'мекка', 'благодатный', 'поздравлять', 'поп', 'собрание', 'дар', 'пасха', 'бессмертный', 'духовный', 'шествие', 'годовщина', 'праздничный', 'ислам', 'молитва', 'вербный', 'воскресение', 'веровать']",10,Religion
12,"['мочь', 'говорить', 'дело', 'понимать', 'очень', 'время', 'мир', 'жизнь', 'происходить', 'становиться', 'знать', 'вопрос', 'делать', 'ситуация', 'власть', 'видеть', 'проблема', 'паника', 'помогать', 'давать', 'вообще', 'начинать', 'поэтому', 'эпидемия', 'хотеть', 'тема', 'оказываться', 'например', 'иметь', 'отношение', 'пандемия', 'сделать', 'кстати', 'пример', 'действительно', 'страх', 'смысл', 'сказать', 'повод', 'реальность', 'ответ', 'казаться', 'целый', 'значит', 'новый', 'точка', 'точно', 'идея', 'взгляд', 'вирус']","['исчезать', 'наблюдать', 'обычный', 'делать', 'выживать', 'желать', 'быстро', 'решать', 'научаться', 'лично', 'сказать', 'интересно', 'далеко', 'момент', 'выглядеть', 'правильно', 'бывать', 'надеяться', 'страх', 'серьезно', 'заставлять', 'видеть', 'невозможно', 'доходить', 'идти', 'пропадать', 'давно', 'завтра', 'думать', 'ждать', 'вообще', 'понимать', 'шутка', 'точно', 'поэтому', 'придумывать', 'рано', 'понятно', 'внезапно', 'близкий', 'вещь', 'гробить', 'где-то', 'просто', 'сразу', 'недовольный', 'ясно', 'подумать', 'простой', 'сегодня', 'сколько', 'итог', 'стоять', 'забывать', 'фигня', 'тупой', 'виноватый', 'привычный', 'начинать', 'тревога', 'смочь', 'голодный', 'ощущение', 'значить', 'происходить', 'сожаление', 'умный', 'чувствовать', 'пора', 'подходить', 'переживать', 'похоже', 'бояться', 'смысл', 'снова', 'реальность', 'убивать', 'уставать', 'нормальный', 'хороший', 'приходиться', 'наоборот', 'черт', 'чуть-чуть', 'окончательно', 'паника', 'глаз', 'скоро', 'смешной', 'уверенный', 'сначала', 'россиянин', 'рука', 'че', 'вовремя', 'абсолютно', 'стоить', 'беда', 'куча', 'ошибаться', 'очень', 'кстати', 'нужно', 'маленький', 'опасно', 'настроение', 'поменять', 'голод', 'продолжать', 'нужный', 'белорус', 'сильно', 'время', 'пытаться', 'пиздец', 'дело', 'редко', 'возможно', 'хозяин', 'паниковать', 'откуда', 'главное', 'смотреть', 'зараза', 'страшно', 'хотеть', 'везде', 'плюс', 'плохо', 'получаться', 'посмотреть', 'голова', 'верить', 'удаваться', 'плохой', 'страшный', 'прежний', 'долго', 'насколько', 'говорить', 'жопа', 'осознавать', 'блять', 'итальянец', 'корона', 'заложник', 'хотеться', 'давать', 'сука', 'целый', 'становиться', 'увидеть', 'ум', 'значит', 'логика', 'назад', 'слушать', 'часто', 'природа', 'держаться', 'мочь', 'пойти', 'постепенно', 'мало', 'правда', 'настолько', 'замечать', 'планета', 'почему', 'знать', 'народ', 'жизнь', 'китаец', 'казаться', 'мир', 'короче', 'равный', 'гораздо', 'действительно', 'немного', 'особенно', 'параллельный', 'надоедать']",9,"Sensations: fear, panic, etc."
13,"['ребенок', 'фильм', 'видео', 'музей', 'друг', 'книга', 'развлечение', 'семья', 'песня', 'школа', 'онлайн', 'музыка', 'смотреть', 'слушать', 'театр', 'женщина', 'урок', 'инстаграм', 'сериал', 'день', 'родитель', 'читать', 'мальчик', 'английский', 'время', 'настроение', 'секс', 'кино', 'тренировка', 'наслаждаться', 'думать', 'яндекс', 'серый', 'дом', 'хотеть', 'утро', 'задание', 'канал', 'работа', 'заниматься', 'валентин', 'елизавета', 'выставка', 'видеоролик', 'односельчанин', 'дома', 'ужин', 'валя', 'контент', 'флешмоб']","['привет', 'доделывать', 'водитель', 'попросить', 'посещать', 'отправлять', 'родитель', 'дома', 'сходить', 'мальчик', 'заходить', 'отдыхать', 'старый', 'летний', 'приезжать', 'приказывать', 'семья', 'позвонить', 'таксист', 'поехать', 'ребенок', 'пускать', 'ходить', 'сжигать', 'ребята', 'ночь', 'изнасиловать', 'бабка', 'собираться', 'вечер', 'пожаловаться', 'отец', 'коллега', 'знакомый', 'спасибо', 'сын', 'трудиться', 'оставлять', 'вместе', 'отправляться', 'отпускать', 'узнавать', 'квартира', 'женщина', 'дорогой', 'муж', 'жена', 'близкие', 'возвращаться', 'позаботиться', 'ехать', 'прийти', 'благодарить', 'дочь', 'общение', 'инвалид', 'сестра', 'выходить', 'петербуржец', 'надевать', 'забирать', 'прилетать', 'гулять', 'ветеран', 'родной', 'мать', 'самоизолироваться', 'мент', 'сидеть', 'записывать', 'ездить', 'проживать', 'родственник', 'мыть', 'друг', 'гость', 'волонтер', 'приходить', 'встречать', 'трогать', 'рад', 'повезти', 'парень', 'звонить', 'одинокий', 'жить', 'беречь', 'просить', 'дождаться', 'папа', 'спрашивать', 'дом', 'звать', 'полицай', 'работать', 'сдавать', 'уходить', 'младший', 'утро', 'девушка', 'советовать', 'посоветовать', 'побывать', 'пенсионер', 'домой', 'мама', 'таджик', 'вернуться']",4,Socialization
14,"['путин', 'россия', 'тупой', 'советский', 'коммунарка', 'песков', 'april', 'лещенко', 'пиндос', 'американка', 'русский', 'пиндостан', 'проценко', 'пожаловаться', 'врач', 'фейк', 'кремль', 'апр', 'путинский', 'тварь', 'главврач', 'брайтон', 'комментарий', 'футболист', 'кремлевский', 'лев', 'спасибо', 'дмитрий', 'денис', 'твиттер', 'поганый', 'дегенерат', 'bank', 'рф', 'конфиденциальность', 'сволочь', 'code', 'swift', 'bic', 'миллион', 'владимир', 'президент', 'канал', 'рукамосква', 'готовый', 'мордор', 'преступленияроссия', 'russia', 'важный', 'блять']","['земля', 'религия', 'дракон', 'иждивенец', 'мертвый', 'сволочь', 'черный', 'побеждать', 'советский', 'горбачев', 'режиссер', 'бес', 'добрый', 'любить', 'вселенная', 'чушь', 'звезда', 'тварь', 'нападывать', 'бог', 'херня', 'аборт', 'герой', 'майдан', 'король', 'цивилизация', 'печенег', 'бык', 'поминать', 'анекдот', 'мошиах', 'эра', 'анархист', 'пророчество', 'поганый', 'хабад', 'сущность', 'исторический', 'цирк', 'космос', 'слепец', 'кашпировский', 'вспомнить', 'голос', 'вера', 'стыдно', 'душа', 'существо', 'апокалипсис', 'знак', 'половец', 'ленинград', 'крутой', 'бункер', 'свет', 'стоик', 'град', 'война', 'холера', 'враг', 'социализм', 'ох', 'вор', 'светлый', 'обнулиться', 'предатель', 'спутник', 'рождаться', 'недостойный', 'ад', 'прекрасный', 'век', 'победитель', 'история', 'юмор', 'кубинец', 'голландец', 'ковидиот', 'раб', 'саранча', 'фильм', 'концлагерь', 'каста', 'оскорбление', 'персонаж', 'человечество', 'зло', 'великий', 'барин', 'бессильный', 'темный', 'запашный', 'токо', 'флаг', 'язык', 'эпоха', 'песня', 'плакат', 'художник', 'дегенерат', 'ныне', 'всадник', 'хоррор', 'трусливый', 'интеллигенция', 'чудо', 'еврей', 'древний', 'меркурий', 'любовь', 'зверь', 'обыденность', 'ссср', 'чума', 'плодить', 'уважение', 'жанр', 'товарищ', 'слеза', 'русский', 'клоун', 'тунберг', 'быдло', 'настя', 'маразм', 'рай', 'революция']",12,World Past & Future
15,"['год', 'мир', 'земля', 'мировой', 'планета', 'война', 'век', 'природа', 'человечество', 'глобальный', 'жизнь', 'холера', 'общество', 'энергия', 'уничтожать', 'развитие', 'чума', 'новый', 'цифровой', 'космический', 'человеческий', 'наука', 'коронка', 'цивилизация', 'существо', 'сон', 'технология', 'ссср', 'становиться', 'население', 'сорос', 'конец', 'жизненный', 'духовный', 'оспа', 'атмосфера', 'гейтс', 'параллельный', 'событие', 'народ', 'пророчество', 'пандемия', 'уровень', 'вид', 'вселенная', 'стоик', 'избранный', 'создавать', 'эра', 'рай']","['исчезать', 'наблюдать', 'обычный', 'делать', 'выживать', 'желать', 'быстро', 'решать', 'научаться', 'лично', 'сказать', 'интересно', 'далеко', 'момент', 'выглядеть', 'правильно', 'бывать', 'надеяться', 'страх', 'серьезно', 'заставлять', 'видеть', 'невозможно', 'доходить', 'идти', 'пропадать', 'давно', 'завтра', 'думать', 'ждать', 'вообще', 'понимать', 'шутка', 'точно', 'поэтому', 'придумывать', 'рано', 'понятно', 'внезапно', 'близкий', 'вещь', 'гробить', 'где-то', 'просто', 'сразу', 'недовольный', 'ясно', 'подумать', 'простой', 'сегодня', 'сколько', 'итог', 'стоять', 'забывать', 'фигня', 'тупой', 'виноватый', 'привычный', 'начинать', 'тревога', 'смочь', 'голодный', 'ощущение', 'значить', 'происходить', 'сожаление', 'умный', 'чувствовать', 'пора', 'подходить', 'переживать', 'похоже', 'бояться', 'смысл', 'снова', 'реальность', 'убивать', 'уставать', 'нормальный', 'хороший', 'приходиться', 'наоборот', 'черт', 'чуть-чуть', 'окончательно', 'паника', 'глаз', 'скоро', 'смешной', 'уверенный', 'сначала', 'россиянин', 'рука', 'че', 'вовремя', 'абсолютно', 'стоить', 'беда', 'куча', 'ошибаться', 'очень', 'кстати', 'нужно', 'маленький', 'опасно', 'настроение', 'поменять', 'голод', 'продолжать', 'нужный', 'белорус', 'сильно', 'время', 'пытаться', 'пиздец', 'дело', 'редко', 'возможно', 'хозяин', 'паниковать', 'откуда', 'главное', 'смотреть', 'зараза', 'страшно', 'хотеть', 'везде', 'плюс', 'плохо', 'получаться', 'посмотреть', 'голова', 'верить', 'удаваться', 'плохой', 'страшный', 'прежний', 'долго', 'насколько', 'говорить', 'жопа', 'осознавать', 'блять', 'итальянец', 'корона', 'заложник', 'хотеться', 'давать', 'сука', 'целый', 'становиться', 'увидеть', 'ум', 'значит', 'логика', 'назад', 'слушать', 'часто', 'природа', 'держаться', 'мочь', 'пойти', 'постепенно', 'мало', 'правда', 'настолько', 'замечать', 'планета', 'почему', 'знать', 'народ', 'жизнь', 'китаец', 'казаться', 'мир', 'короче', 'равный', 'гораздо', 'действительно', 'немного', 'особенно', 'параллельный', 'надоедать']",9,"Sensations: fear, panic, etc."
16,"['маска', 'рука', 'перчатка', 'носить', 'поверхность', 'респиратор', 'нос', 'аптека', 'лицо', 'медицинский', 'королевство', 'магазин', 'одноразовый', 'защита', 'эр-рияд', 'дистанция', 'защитный', 'вода', 'воздух', 'антисептик', 'шаабан', 'метр', 'помещение', 'рот', 'трогать', 'мыть', 'ношение', 'мыло', 'час', 'дезинфекция', 'соблюдать', 'дезинфицирующий', 'резидент', 'шить', 'хиджра', 'капля', 'использовать', 'король', 'средство', 'раствор', 'правило', 'психолог', 'фильтр', 'салфетка', 'чихание', 'марля', 'вирус', 'мытье', 'санитайзер', 'перекись']","['продавец', 'доставка', 'трехслойный', 'защитный', 'питание', 'многоразовый', 'продавать', 'спортмастер', 'оборудование', 'раствор', 'раздавать', 'респиратор', 'дезинфицировать', 'медоборудование', 'средство', 'продажа', 'сизый', 'мытье', 'бумага', 'закупка', 'комбинезон', 'операционный', 'обрабатывать', 'покупатель', 'костюм', 'раздача', 'производитель', 'груз', 'салфетка', 'покупать', 'санитайзер', 'аппарат', 'антисептик', 'закупать', 'еда', 'прозрачный', 'спирт', 'экспресс', 'товар', 'заказ', 'продуктовый', 'техника', 'продукт', 'маска', 'тонна', 'заказывать', 'марля', 'антисептика', 'одежда', 'шить', 'штука', 'перчатка', 'впаривать', 'одноразовый', 'персонал', 'купить', 'прибор', 'дезинфекция', 'предмет', 'туалетный', 'аптека', 'банкомат', 'фильтр', 'дезинфицирующий', 'сертификация', 'очки', 'обслуживать', 'бесплатно', 'набор', 'мыло', 'самолет', 'индивидуальный', 'мед']",17,Protective means
17,"['интернет', 'читать', 'онлайн', 'оренбуржье', 'флудилка', 'канал', 'гай', 'новость', 'подробно', 'пермский', 'обучение', 'серега', 'музей', 'фильм', 'ежедневный', 'газета', 'сайт', 'музыка', 'ссылка', 'сервис', 'ролик', 'театр', 'происшествие', 'концерт', 'саргон', 'кино', 'клуб', 'задание', 'сериал', 'видео', 'бесплатный', 'news', 'школа', 'подписываться', 'общество', 'нажимать', 'слепой', 'жилет', 'богдан', 'образовательный', 'риэлтор', 'самоизоляция', 'курсы', 'музыкант', 'барчук', 'шлезингер', 'бухгалтерия', 'иркутск', 'контур', 'футболист']","['материал', 'нажимать', 'доклад', 'подписываться', 'russia', 'просмотр', 'опубликовывать', 'мема', 'видео', 'сообщение', 'bloomberg', 'памятка', 'блог', 'вконтакте', 'эдуард', 'опрос', 'york', 'запись', 'роман', 'канал', 'тег', 'издание', 'апр', 'разбор', 'читать', 'чат', 'сводка', 'медиа', 'версия', 'тема', 'популярный', 'интересный', 'stampa', 'произведение', 'реклама', 'портал', 'твиттер', 'дневник', 'клип', 'инфографика', 'конфиденциальность', 'сайт', 'стих', 'прочитывать', 'репост', 'сериал', 'ссылка', 'сеть', 'текст', 'почитать', 'лента', 'post', 'выпуск', 'контент', 'источник', 'по-русски', 'интернет', 'автор', 'книга', 'картинка', 'подписчик', 'челлендж', 'волновой', 'coronavirus', 'отчет', 'твитов', 'тв', 'информация', 'видеоролик', 'лайк', 'психология', 'публикация', 'написать', 'векторный', 'список', 'times', 'статья', 'обзор', 'pro', 'свежий', 'актуальный', 'nature', 'петиция', 'издательство', 'газета', 'сюжет', 'пост', 'la', 'писать', 'ролик', 'новинка', 'ходос', 'инстаграм', 'открытый', 'фейк', 'журнал', 'комментарий', 'раздел', 'вскрываться', 'новость', 'значок', 'серия', 'манифест', 'фото']",16,Information sources
18,"['чеснок', 'масло', 'имбирь', 'йенсен', 'карточка', 'лимон', 'гречка', 'крупа', 'коронка', 'кг', 'кот', 'чай', 'игра', 'сука', 'глаз', 'капуста', 'оттуда', 'вышка', 'машинка', 'мурочка', 'зуб', 'диван', 'мясо', 'старый', 'меркурий', 'пол', 'пиво', 'выпивать', 'плов', 'бывать', 'лук', 'чарли', 'цветок', 'звук', 'бабка', 'голова', 'ботинок', 'нога', 'муха', 'черный', 'чума', 'чуть-чуть', 'шея', 'колпак', 'красный', 'гуриев', 'имя', 'флирт', 'скука', 'предатель']","['коса', 'нос', 'коробка', 'дерево', 'диван', 'спать', 'часы', 'чеснок', 'нарисовать', 'имбирь', 'лопата', 'лук', 'пиво', 'перекись', 'кроссовок', 'краска', 'масло', 'пылесос', 'пить', 'колпак', 'мужской', 'рот', 'корниус', 'запах', 'шея', 'чистый', 'стена', 'крупа', 'нога', 'надпись', 'сломать', 'влезать', 'стул', 'ботинок', 'помойка', 'милый', 'биомасса', 'роза', 'ухо', 'пыль', 'вино', 'комната', 'наслаждаться', 'стиральный', 'пол', 'блядь', 'серый', 'кусок', 'мурочка', 'плов', 'приготавливать', 'мясо', 'минута', 'гречка', 'волос', 'мяч', 'цветок', 'спина', 'выпивать', 'постельный', 'зуб', 'перегородка', 'йенсен', 'прикол', 'смешать', 'гавно', 'упражнение', 'звук', 'лимон', 'капуста', 'шарик', 'горло', 'вода', 'сухой', 'валя', 'муха', 'кг', 'броня', 'педаль', 'приятный', 'скука', 'кофе', 'серега', 'данталион', 'белье', 'цвет', 'одеваться', 'сон', 'соль', 'отопление', 'жилет', 'солнце', 'стол', 'мина', 'чай', 'ужин', 'желтый', 'кот', 'машинка', 'стирка']",1,Household problems on Lockdown
19,"['китай', 'сша', 'американский', 'китайский', 'трамп', 'воз', 'лаборатория', 'гейтс', 'американец', 'ухань', 'штат', 'америка', 'пандемия', 'вирус', 'китаец', 'билл', 'кнр', 'мир', 'пекин', 'всемирный', 'версия', 'обвинять', 'вакцина', 'дональд', 'год', 'заявлять', 'международный', 'расследование', 'глобальный', 'происхождение', 'вашингтон', 'издание', 'организация', 'мировой', 'сми', 'биологический', 'президент', 'источник', 'кампания', 'здравоохранение', 'дезинформация', 'монтанье', 'уханьский', 'fox', 'covid', 'сенатор', 'информация', 'times', 'спид', 'оон']","['элита', 'илларионов', 'критика', 'преступный', 'михалков', 'партия', 'российский', 'скандал', 'конспирология', 'порошенко', 'кургинян', 'итальянский', 'бунт', 'теория', 'американский', 'путинский', 'либеральный', 'очередной', 'авторитарный', 'канцлер', 'идея', 'аваков', 'избранный', 'противостояние', 'шведский', 'кс', 'прорыв', 'недовольство', 'вашингтон', 'путин', 'критиковать', 'политик', 'причастный', 'народный', 'всемирный', 'мнение', 'бла', 'демократ', 'демократия', 'обвинять', 'чиновник', 'союзник', 'эрдоган', 'слово', 'билл', 'конспиролог', 'сорос', 'истерия', 'лукашенко', 'разоблачать', 'отставка', 'михалкова', 'меркель', 'кремль', 'бесогон', 'лидер', 'пекин', 'некомпетентный', 'американец', 'сми', 'олигарх', 'событие', 'кандидат', 'воз', 'выступление', 'чипирование', 'халатность', 'информационный', 'сенатор', 'заговор', 'разговор', 'гейтс', 'дезинформация', 'украинский', 'белорусский', 'политика', 'коррупция', 'белый', 'коломойский', 'кремлевский', 'кампания', 'выборы', 'влиятельный', 'либерал', 'батька', 'утверждение', 'трамп', 'заявление', 'дональд', 'повод', 'пропаганда', 'санкция', 'послание', 'слуга', 'афера', 'зеленский', 'президент', 'расследование', 'ругать', 'популизм', 'сообщество', 'греф', 'нация', 'политический']",19,"Politics, Conspirology"
20,"['фильм', 'april', 'концерт', 'книга', 'песня', 'канал', 'энергия', 'земля', 'музей', 'уткин', 'музыка', 'ролик', 'мертвый', 'онлайн', 'юмор', 'журнал', 'энергетический', 'любовь', 'звезда', 'василий', 'космос', 'театр', 'космический', 'инстаграм', 'программа', 'твиттер', 'кашпировский', 'артист', 'подписываться', 'сюжет', 'юрий', 'новый', 'планета', 'сеанс', 'яндекс', 'бык', 'музыкант', 'надпись', 'текст', 'музыкальный', 'фестиваль', 'слепой', 'бабушкин', 'лучшедомо', 'великий', 'серебряный', 'произведение', 'векторный', 'художник', 'тема']","['земля', 'религия', 'дракон', 'иждивенец', 'мертвый', 'сволочь', 'черный', 'побеждать', 'советский', 'горбачев', 'режиссер', 'бес', 'добрый', 'любить', 'вселенная', 'чушь', 'звезда', 'тварь', 'нападывать', 'бог', 'херня', 'аборт', 'герой', 'майдан', 'король', 'цивилизация', 'печенег', 'бык', 'поминать', 'анекдот', 'мошиах', 'эра', 'анархист', 'пророчество', 'поганый', 'хабад', 'сущность', 'исторический', 'цирк', 'космос', 'слепец', 'кашпировский', 'вспомнить', 'голос', 'вера', 'стыдно', 'душа', 'существо', 'апокалипсис', 'знак', 'половец', 'ленинград', 'крутой', 'бункер', 'свет', 'стоик', 'град', 'война', 'холера', 'враг', 'социализм', 'ох', 'вор', 'светлый', 'обнулиться', 'предатель', 'спутник', 'рождаться', 'недостойный', 'ад', 'прекрасный', 'век', 'победитель', 'история', 'юмор', 'кубинец', 'голландец', 'ковидиот', 'раб', 'саранча', 'фильм', 'концлагерь', 'каста', 'оскорбление', 'персонаж', 'человечество', 'зло', 'великий', 'барин', 'бессильный', 'темный', 'запашный', 'токо', 'флаг', 'язык', 'эпоха', 'песня', 'плакат', 'художник', 'дегенерат', 'ныне', 'всадник', 'хоррор', 'трусливый', 'интеллигенция', 'чудо', 'еврей', 'древний', 'меркурий', 'любовь', 'зверь', 'обыденность', 'ссср', 'чума', 'плодить', 'уважение', 'жанр', 'товарищ', 'слеза', 'русский', 'клоун', 'тунберг', 'быдло', 'настя', 'маразм', 'рай', 'революция']",12,World Past & Future
21,"['пропуск', 'москва', 'цифровой', 'метро', 'собянин', 'транспорт', 'код', 'город', 'поездка', 'мэр', 'москвич', 'режим', 'номер', 'электронный', 'московский', 'столица', 'подробно', 'проверка', 'проверять', 'самоизоляция', 'qr', 'станция', 'интернет', 'получать', 'водитель', 'карта', 'флудилка', 'пропускной', 'вход', 'очередь', 'передвижение', 'пробка', 'такси', 'въезд', 'полиция', 'оренбуржье', 'гай', 'житель', 'столичный', 'новость', 'мэрия', 'данные', 'апрель', 'система', 'сбербанк', 'стройка', 'происшествие', 'дом', 'смс', 'госуслуга']","['код', 'бухгалтерия', 'компьютер', 'оформлять', 'личный', 'сотовый', 'платный', 'интерактивный', 'жалоба', 'мошенник', 'отслеживание', 'сбор', 'смс', 'карта', 'камера', 'телефон', 'контур', 'промокод', 'присылать', 'пользователь', 'аннулировать', 'оформление', 'qr', 'кнопка', 'проверять', 'доступ', 'спецпропуск', 'бесплатный', 'цифровой', 'горячий', 'яндекс', 'мессенджер', 'просьба', 'паспорт', 'удаленный', 'ощадбанк', 'viber', 'мэрия', 'замечание', 'пропуск', 'получение', 'карточка', 'номер', 'звонок', 'сервис', 'выдавать', 'мобильный', 'госуслуга', 'ку', 'приложение', 'whatsapp', 'чип', 'документ', 'iherb', 'электронный', 'адрес', 'обладатель', 'паспортный']",24,"Digital passes, credit cards"
22,"['психолог', 'насилие', 'будущее', 'песня', 'видео', 'онлайн', 'поделиться', 'вектор', 'канал', 'музыка', 'самоизоляция', 'витолльный', 'ссылка', 'виртуальный', 'домашний', 'друг', 'елена', 'терентьева', 'помогать', 'комментарий', 'обучение', 'пожаловаться', 'интернет', 'русский', 'родитель', 'текст', 'подписываться', 'компьютер', 'помощь', 'семья', 'работа', 'слепой', 'зритель', 'апр', 'обладатель', 'время', 'коучинг', 'психология', 'ребенок', 'здоровьевприоритет', 'эстония', 'ивахно', 'вебки', 'психосоматика', 'здоровье', 'оставайтесьдома', 'находить', 'жизнь', 'оставаться', 'лучшедомо']","['материал', 'нажимать', 'доклад', 'подписываться', 'russia', 'просмотр', 'опубликовывать', 'мема', 'видео', 'сообщение', 'bloomberg', 'памятка', 'блог', 'вконтакте', 'эдуард', 'опрос', 'york', 'запись', 'роман', 'канал', 'тег', 'издание', 'апр', 'разбор', 'читать', 'чат', 'сводка', 'медиа', 'версия', 'тема', 'популярный', 'интересный', 'stampa', 'произведение', 'реклама', 'портал', 'твиттер', 'дневник', 'клип', 'инфографика', 'конфиденциальность', 'сайт', 'стих', 'прочитывать', 'репост', 'сериал', 'ссылка', 'сеть', 'текст', 'почитать', 'лента', 'post', 'выпуск', 'контент', 'источник', 'по-русски', 'интернет', 'автор', 'книга', 'картинка', 'подписчик', 'челлендж', 'волновой', 'coronavirus', 'отчет', 'твитов', 'тв', 'информация', 'видеоролик', 'лайк', 'психология', 'публикация', 'написать', 'векторный', 'список', 'times', 'статья', 'обзор', 'pro', 'свежий', 'актуальный', 'nature', 'петиция', 'издательство', 'газета', 'сюжет', 'пост', 'la', 'писать', 'ролик', 'новинка', 'ходос', 'инстаграм', 'открытый', 'фейк', 'журнал', 'комментарий', 'раздел', 'вскрываться', 'новость', 'значок', 'серия', 'манифест', 'фото']",16,Information sources
23,"['саранча', 'оренбуржье', 'советский', 'фильм', 'гай', 'век', 'книга', 'солнце', 'земля', 'зверь', 'интеллигенция', 'памятник', 'спутник', 'дерево', 'растение', 'слепец', 'ave', 'постельный', 'прадо', 'белье', 'роман', 'запах', 'космический', 'coronavirus', 'стих', 'королевский', 'апокалипсис', 'пылесос', 'герой', 'лес', 'сюжет', 'астрахань', 'броня', 'оренбург', 'ленинград', 'троллейбус', 'человеческий', 'язык', 'дракон', 'краска', 'планета', 'гайский', 'немецко', 'биомасса', 'рэп', 'современный', 'история', 'вырубка', 'принцесса', 'год']","['земля', 'религия', 'дракон', 'иждивенец', 'мертвый', 'сволочь', 'черный', 'побеждать', 'советский', 'горбачев', 'режиссер', 'бес', 'добрый', 'любить', 'вселенная', 'чушь', 'звезда', 'тварь', 'нападывать', 'бог', 'херня', 'аборт', 'герой', 'майдан', 'король', 'цивилизация', 'печенег', 'бык', 'поминать', 'анекдот', 'мошиах', 'эра', 'анархист', 'пророчество', 'поганый', 'хабад', 'сущность', 'исторический', 'цирк', 'космос', 'слепец', 'кашпировский', 'вспомнить', 'голос', 'вера', 'стыдно', 'душа', 'существо', 'апокалипсис', 'знак', 'половец', 'ленинград', 'крутой', 'бункер', 'свет', 'стоик', 'град', 'война', 'холера', 'враг', 'социализм', 'ох', 'вор', 'светлый', 'обнулиться', 'предатель', 'спутник', 'рождаться', 'недостойный', 'ад', 'прекрасный', 'век', 'победитель', 'история', 'юмор', 'кубинец', 'голландец', 'ковидиот', 'раб', 'саранча', 'фильм', 'концлагерь', 'каста', 'оскорбление', 'персонаж', 'человечество', 'зло', 'великий', 'барин', 'бессильный', 'темный', 'запашный', 'токо', 'флаг', 'язык', 'эпоха', 'песня', 'плакат', 'художник', 'дегенерат', 'ныне', 'всадник', 'хоррор', 'трусливый', 'интеллигенция', 'чудо', 'еврей', 'древний', 'меркурий', 'любовь', 'зверь', 'обыденность', 'ссср', 'чума', 'плодить', 'уважение', 'жанр', 'товарищ', 'слеза', 'русский', 'клоун', 'тунберг', 'быдло', 'настя', 'маразм', 'рай', 'революция']",12,World Past & Future
24,"['оренбуржье', 'ходос', 'антикоагулянт', 'гай', 'эдуард', 'белье', 'пожаловаться', 'стирка', 'апр', 'комментарий', 'полет', 'разбор', 'поделиться', 'ссылка', 'мембрана', 'орит', 'эритроцит', 'оренбург', 'брифинг', 'постельный', 'канал', 'использовать', 'динамика', 'частота', 'везикл', 'загадка', 'хабад', 'волновой', 'лилия', 'ощадбанк', 'yushchuk', 'конкурентный', 'свет', 'прикол', 'ребус', 'coronavirus', 'калетер', 'шарада', 'пам', 'мос', 'терапия', 'отримувач', 'статья', 'коагулопатия', 'novosibirsk', 'мошиах', 'тромбообразование', 'малярийный', 'стиральный', 'плазмодий']","['материал', 'нажимать', 'доклад', 'подписываться', 'russia', 'просмотр', 'опубликовывать', 'мема', 'видео', 'сообщение', 'bloomberg', 'памятка', 'блог', 'вконтакте', 'эдуард', 'опрос', 'york', 'запись', 'роман', 'канал', 'тег', 'издание', 'апр', 'разбор', 'читать', 'чат', 'сводка', 'медиа', 'версия', 'тема', 'популярный', 'интересный', 'stampa', 'произведение', 'реклама', 'портал', 'твиттер', 'дневник', 'клип', 'инфографика', 'конфиденциальность', 'сайт', 'стих', 'прочитывать', 'репост', 'сериал', 'ссылка', 'сеть', 'текст', 'почитать', 'лента', 'post', 'выпуск', 'контент', 'источник', 'по-русски', 'интернет', 'автор', 'книга', 'картинка', 'подписчик', 'челлендж', 'волновой', 'coronavirus', 'отчет', 'твитов', 'тв', 'информация', 'видеоролик', 'лайк', 'психология', 'публикация', 'написать', 'векторный', 'список', 'times', 'статья', 'обзор', 'pro', 'свежий', 'актуальный', 'nature', 'петиция', 'издательство', 'газета', 'сюжет', 'пост', 'la', 'писать', 'ролик', 'новинка', 'ходос', 'инстаграм', 'открытый', 'фейк', 'журнал', 'комментарий', 'раздел', 'вскрываться', 'новость', 'значок', 'серия', 'манифест', 'фото']",16,Information sources
25,"['путин', 'россия', 'президент', 'владимир', 'мишустин', 'российский', 'россиянин', 'глава', 'помощь', 'депутат', 'правительство', 'april', 'михаил', 'кремль', 'рф', 'андрей', 'премьер-министр', 'митинг', 'победа', 'председатель', 'сергей', 'поддержка', 'обязанность', 'сообщать', 'май', 'госдума', 'совещание', 'заместитель', 'соловьев', 'гражданин', 'акция', 'праздник', 'месторождение', 'мигрант', 'пресс-секретарь', 'отмечать', 'песков', 'владимирович', 'режим', 'якутия', 'белоусов', 'путинский', 'власть', 'премьера', 'борьба', 'заявлять', 'самоизоляция', 'вице-премьер', 'тасс', 'кпрф']","['песков', 'владимирович', 'верховный', 'тасс', 'лещенко', 'заместитель', 'вос', 'мишустин', 'моз', 'заклад', 'рада', 'мальцев', 'премьер', 'академик', 'председатель', 'сергей', 'кадыров', 'белоусов', 'бурков', 'кпрф', 'петербургский', 'директор', 'г-н', 'шендерович', 'news', 'степанов', 'риа', 'иван', 'проценко', 'весть', 'сбу', 'интервью', 'главврач', 'дума', 'минкультуры', 'шаман', 'дмитрий', 'пушкин', 'fox', 'навка', 'forbes', 'премьера', 'белецкий', 'редактор', 'г-жа', 'светлана', 'гуриев', 'ефимов', 'генри', 'елена', 'следователь', 'глава', 'илья', 'илона', 'марина', 'ольга', 'замглавы', 'навальный', 'новак', 'медведев', 'вице-премьер', 'основатель', 'габышев', 'бывший', 'артист', 'никита', 'земляк', 'премьер-министр', 'кличко', 'черкассы', 'денис', 'госдума', 'мария', 'пресс-центр', 'павел', 'шахов', 'корреспондент', 'ран', 'известие', 'вип', 'супрун', 'виталий', 'психолог', 'елизавета', 'односельчанин', 'юрист', 'оксана', 'april', 'вячеслав', 'журналист', 'шмыгаль', 'александра', 'соловьев', 'оп', 'ирина', 'актриса', 'имя', 'песок', 'уткин', 'рамзан', 'смольный', 'рошаль', 'андрей', 'александр', 'тарасова', 'гончаров', 'владимир', 'соболь', 'куйвашев', 'собчак', 'михаил', 'пресс-секретарь', 'принц', 'бабушкин', 'володин', 'брифинг', 'салюк', 'соратник', 'попов', 'борис', 'познер', 'леонид', 'эхо', 'эфир', 'министр', 'любимов', 'лев', 'хорошковский', 'богдан', 'мясников', 'депутат', 'олег', 'певец', 'юрий', 'василий']",7,Politicians and Celebrities
26,"['швеция', 'страна', 'ирландия', 'лукашенко', 'белоруссия', 'школа', 'карантин', 'беларусь', 'граница', 'шведский', 'рейс', 'нашагазета', 'май', 'чтопосмотретьвирландия', 'белорусский', 'турист', 'обучение', 'russianireland', 'кипр', 'аэропорт', 'меркель', 'разрешать', 'департамент', 'самолет', 'ученик', 'планировать', 'закрывать', 'белорус', 'вводить', 'вернуться', 'сначала', 'австрия', 'отменять', 'канцлер', 'батька', 'туризм', 'неделя', 'прилетать', 'сообщение', 'субботник', 'стокгольм', 'иностранец', 'sergeytarutin', 'виза', 'появляться', 'квебек', 'правительство', 'март', 'тунберг', 'оранжевый']","['европа', 'франция', 'британия', 'таджикистан', 'кндр', 'канада', 'иран', 'провинция', 'эстония', 'королевство', 'сербия', 'ирландия', 'беларусь', 'кубинский', 'украинец', 'испания', 'южный', 'колумбия', 'ес', 'прибывать', 'швеция', 'сирия', 'саудовский', 'австрия', 'республика', 'европейский', 'нидерланды', 'куба', 'турция', 'монголия', 'латинский', 'заробитчанин', 'рубеж', 'грузия', 'страна', 'северный', 'словакия', 'азербайджан', 'азия', 'север', 'китай', 'великобритания', 'лондон', 'латвия', 'кипр', 'германия', 'нато', 'индийский', 'африка', 'авианосец', 'япония', 'корея', 'куб', 'донбасс', 'белоруссия', 'италия', 'украина', 'узбекистан', 'остров', 'финляндия', 'бразилия', 'чехия', 'иностранец', 'кейс', 'бельгия', 'америка', 'кнр', 'россия', 'родина', 'граница', 'армения', 'штат', 'сша', 'индия', 'аравия', 'польша', 'рим']",2,Countries
27,"['маска', 'май', 'режим', 'ограничение', 'мера', 'мэр', 'вводить', 'президент', 'карантин', 'губернатор', 'работа', 'магазин', 'карантинный', 'глава', 'ресторан', 'разрешать', 'страна', 'ношение', 'открываться', 'решение', 'регион', 'предприятие', 'собянин', 'масочный', 'транспорт', 'открывать', 'носить', 'ограничительный', 'снятие', 'общественный', 'самоизоляция', 'соблюдать', 'дистанция', 'власть', 'заявлять', 'кипр', 'ситуация', 'также', 'принимать', 'начинать', 'мишустин', 'черкассы', 'продлять', 'попов', 'должный', 'москва', 'работать', 'россия', 'салон', 'гостиница']","['перечень', 'карантин', 'поправка', 'гражданин', 'силовик', 'домашний', 'положение', 'житель', 'чп', 'распоряжение', 'общественный', 'фсин', 'комендантский', 'митинг', 'указ', 'вывоз', 'кабмин', 'полиция', 'ношение', 'запрет', 'контроль', 'карательный', 'закон', 'обязанность', 'карантинный', 'полицейский', 'информирование', 'скопление', 'конституционный', 'суд', 'свобода', 'лишение', 'требовать', 'пункт', 'добровольный', 'территория', 'москвич', 'штраф', 'дистанция', 'роспотребнадзор', 'соблюдение', 'обращение', 'правонарушение', 'протест', 'всеобщий', 'право', 'собянин', 'введение', 'выезд', 'ограничение', 'уголовный', 'мероприятие', 'передвижение', 'заключенный', 'лицо', 'инструкция', 'федерация', 'мэр', 'запрещать', 'рекомендация', 'въезд', 'соответствие', 'конституция', 'ограничительный', 'жесткий', 'предосторожность', 'штрафовать', 'ответственность', 'исполнение', 'призыв', 'подчиняться', 'требование', 'нарушение', 'отказ', 'нарушитель', 'эпидемиологический', 'постановление', 'правительство', 'блокировка', 'регион', 'правило', 'административный', 'самоизоляция', 'проверка', 'масочный', 'вводиться', 'резидент', 'безответственно', 'наказывать', 'пропускной', 'рф', 'потребовать', 'носить', 'горожанин', 'рекомендовать', 'ограничивать', 'вводить', 'санитарный', 'мера', 'разрешать', 'коап', 'подписывать', 'преступление', 'насилие', 'нарушать', 'изоляция', 'режим', 'дистанцирование', 'обязывать', 'норма', 'повышенный', 'власть', 'безопасность', 'обязательный', 'призывать', 'посещение', 'губернатор', 'чрезвычайный', 'соблюдать', 'кодекс', 'временный', 'порядок']",5,Measures & Law
28,"['российский', 'помощь', 'россия', 'военный', 'дезинфекция', 'медицинский', 'проект', 'средство', 'цель', 'рошаль', 'рф', 'гуманитарный', 'массовый', 'онф', 'специалист', 'королевство', 'аппарат', 'подразделение', 'борьба', 'министр', 'проводить', 'минобороны', 'здравоохранение', 'генеральный', 'территория', 'министерство', 'также', 'управление', 'подготовка', 'оптимизация', 'мобильный', 'побочный', 'безопасность', 'служба', 'оказание', 'защита', 'связь', 'явление', 'сотрудник', 'использовать', 'италия', 'оборонный', 'леонид', 'сила', 'биг', 'сотрудничество', 'осетия', 'нато', 'эр-рияд', 'сотовый']","['представитель', 'организация', 'команда', 'служба', 'комиссия', 'поручать', 'kahhar', 'группа', 'эр-рияд', 'гвардия', 'войско', 'онф', 'обеспечение', 'программа', 'генеральный', 'гуманитарный', 'дезинфекционный', 'совещание', 'экипаж', 'линия', 'вооружение', 'мониторинг', 'военный', 'региональный', 'минздрав', 'департамент', 'федеральный', 'сотрудник', 'осуществлять', 'совет', 'общероссийский', 'совместный', 'спасательный', 'оперативный', 'оборона', 'ведомство', 'руководство', 'участие', 'штаб', 'срочный', 'поручение', 'вооруженный', 'объект', 'мвд', 'оказание', 'военнослужащий', 'биг', 'ход', 'заседание', 'коммуникация', 'ил', 'рамка', 'структура', 'сухопутный', 'министерство', 'мо', 'строительство', 'оборонный', 'саммит', 'учение', 'космический', 'управление', 'проект', 'армия', 'орган', 'центр', 'финансировать', 'бригада', 'комитет', 'комплекс', 'королевский', 'мид', 'конкурентный', 'группировка', 'участник', 'минобороны', 'деятельность', 'кса', 'доброволец', 'подразделение', 'национальный', 'академия', 'оперативно', 'сотрудничество', 'подготовка', 'проведение', 'оон']",20,Armed forces collaboration
29,"['победа', 'лукашенко', 'парад', 'путин', 'беларусь', 'белоруссия', 'великий', 'война', 'конфиденциальность', 'твиттер', 'реклама', 'белорусский', 'минск', 'кургинян', 'отечественный', 'россия', 'май', 'летие', 'ссср', 'александр', 'президент', 'песня', 'россиянин', 'лидер', 'праздник', 'украина', 'народный', 'полк', 'российский', 'советский', 'салют', 'ветеран', 'канал', 'гончаров', 'народ', 'революция', 'соловьев', 'вос', 'победитель', 'ордло', 'праздничный', 'слепой', 'русский', 'конкурс', 'лучшедомо', 'майдан', 'настя', 'риэлтор', 'говорить', 'информация']","['элита', 'илларионов', 'критика', 'преступный', 'михалков', 'партия', 'российский', 'скандал', 'конспирология', 'порошенко', 'кургинян', 'итальянский', 'бунт', 'теория', 'американский', 'путинский', 'либеральный', 'очередной', 'авторитарный', 'канцлер', 'идея', 'аваков', 'избранный', 'противостояние', 'шведский', 'кс', 'прорыв', 'недовольство', 'вашингтон', 'путин', 'критиковать', 'политик', 'причастный', 'народный', 'всемирный', 'мнение', 'бла', 'демократ', 'демократия', 'обвинять', 'чиновник', 'союзник', 'эрдоган', 'слово', 'билл', 'конспиролог', 'сорос', 'истерия', 'лукашенко', 'разоблачать', 'отставка', 'михалкова', 'меркель', 'кремль', 'бесогон', 'лидер', 'пекин', 'некомпетентный', 'американец', 'сми', 'олигарх', 'событие', 'кандидат', 'воз', 'выступление', 'чипирование', 'халатность', 'информационный', 'сенатор', 'заговор', 'разговор', 'гейтс', 'дезинформация', 'украинский', 'белорусский', 'политика', 'коррупция', 'белый', 'коломойский', 'кремлевский', 'кампания', 'выборы', 'влиятельный', 'либерал', 'батька', 'утверждение', 'трамп', 'заявление', 'дональд', 'повод', 'пропаганда', 'санкция', 'послание', 'слуга', 'афера', 'зеленский', 'президент', 'расследование', 'ругать', 'популизм', 'сообщество', 'греф', 'нация', 'политический']",19,"Politics, Conspirology"
30,"['олег', 'бес', 'король', 'данталион', 'корниус', 'жена', 'ад', 'девушка', 'голова', 'парень', 'глаз', 'военный', 'виталий', 'начинать', 'смотреть', 'окно', 'взять', 'пойти', 'подходить', 'выполнять', 'дверь', 'рука', 'упражнение', 'душа', 'вернуться', 'спать', 'нога', 'елена', 'приходить', 'черт', 'спина', 'стоять', 'позвонить', 'грех', 'сделать', 'понимать', 'ударять', 'волос', 'хотеть', 'день', 'карета', 'очень', 'выпивать', 'анархист', 'шея', 'оксана', 'стул', 'жанр', 'хоррор', 'звать']","['коса', 'нос', 'коробка', 'дерево', 'диван', 'спать', 'часы', 'чеснок', 'нарисовать', 'имбирь', 'лопата', 'лук', 'пиво', 'перекись', 'кроссовок', 'краска', 'масло', 'пылесос', 'пить', 'колпак', 'мужской', 'рот', 'корниус', 'запах', 'шея', 'чистый', 'стена', 'крупа', 'нога', 'надпись', 'сломать', 'влезать', 'стул', 'ботинок', 'помойка', 'милый', 'биомасса', 'роза', 'ухо', 'пыль', 'вино', 'комната', 'наслаждаться', 'стиральный', 'пол', 'блядь', 'серый', 'кусок', 'мурочка', 'плов', 'приготавливать', 'мясо', 'минута', 'гречка', 'волос', 'мяч', 'цветок', 'спина', 'выпивать', 'постельный', 'зуб', 'перегородка', 'йенсен', 'прикол', 'смешать', 'гавно', 'упражнение', 'звук', 'лимон', 'капуста', 'шарик', 'горло', 'вода', 'сухой', 'валя', 'муха', 'кг', 'броня', 'педаль', 'приятный', 'скука', 'кофе', 'серега', 'данталион', 'белье', 'цвет', 'одеваться', 'сон', 'соль', 'отопление', 'жилет', 'солнце', 'стол', 'мина', 'чай', 'ужин', 'желтый', 'кот', 'машинка', 'стирка']",1,Household problems on Lockdown
31,"['ирландия', 'кубинский', 'индия', 'чтопосмотретьвирландия', 'нашагазета', 'куба', 'russianireland', 'интерактивный', 'кейс', 'департамент', 'hse', 'секс', 'медицинский', 'здравоохранение', 'сообщение', 'русский', 'выздоравливать', 'следить', 'сначала', 'кс', 'г-н', 'страна', 'канада', 'куб', 'штат', 'бригада', 'карта', 'sergeytarutin', 'колумбия', 'раздел', 'умирать', 'индийский', 'г-жа', 'появляться', 'север', 'вечер', 'умерший', 'сайт', 'помощь', 'кубинец', 'новость', 'ремдесивир', 'альберта', 'трущоба', 'ох', 'рива', 'латинский', 'май', 'генри', 'калгари']","['европа', 'франция', 'британия', 'таджикистан', 'кндр', 'канада', 'иран', 'провинция', 'эстония', 'королевство', 'сербия', 'ирландия', 'беларусь', 'кубинский', 'украинец', 'испания', 'южный', 'колумбия', 'ес', 'прибывать', 'швеция', 'сирия', 'саудовский', 'австрия', 'республика', 'европейский', 'нидерланды', 'куба', 'турция', 'монголия', 'латинский', 'заробитчанин', 'рубеж', 'грузия', 'страна', 'северный', 'словакия', 'азербайджан', 'азия', 'север', 'китай', 'великобритания', 'лондон', 'латвия', 'кипр', 'германия', 'нато', 'индийский', 'африка', 'авианосец', 'япония', 'корея', 'куб', 'донбасс', 'белоруссия', 'италия', 'украина', 'узбекистан', 'остров', 'финляндия', 'бразилия', 'чехия', 'иностранец', 'кейс', 'бельгия', 'америка', 'кнр', 'россия', 'родина', 'граница', 'армения', 'штат', 'сша', 'индия', 'аравия', 'польша', 'рим']",2,Countries
32,"['победа', 'парад', 'война', 'храм', 'великий', 'святой', 'советский', 'ссср', 'песня', 'духовный', 'энергия', 'церковь', 'ветеран', 'русский', 'год', 'земля', 'праздник', 'враг', 'персонаж', 'вос', 'господь', 'отец', 'бурков', 'мир', 'честь', 'концерт', 'история', 'душа', 'донбасс', 'слепой', 'замок', 'приготавливать', 'темный', 'молитва', 'священник', 'еврей', 'дискотека', 'бог', 'полк', 'монастырь', 'христос', 'народ', 'красный', 'флаг', 'сущность', 'синдзюк', 'торжественный', 'тарасова', 'театр', 'древний']","['земля', 'религия', 'дракон', 'иждивенец', 'мертвый', 'сволочь', 'черный', 'побеждать', 'советский', 'горбачев', 'режиссер', 'бес', 'добрый', 'любить', 'вселенная', 'чушь', 'звезда', 'тварь', 'нападывать', 'бог', 'херня', 'аборт', 'герой', 'майдан', 'король', 'цивилизация', 'печенег', 'бык', 'поминать', 'анекдот', 'мошиах', 'эра', 'анархист', 'пророчество', 'поганый', 'хабад', 'сущность', 'исторический', 'цирк', 'космос', 'слепец', 'кашпировский', 'вспомнить', 'голос', 'вера', 'стыдно', 'душа', 'существо', 'апокалипсис', 'знак', 'половец', 'ленинград', 'крутой', 'бункер', 'свет', 'стоик', 'град', 'война', 'холера', 'враг', 'социализм', 'ох', 'вор', 'светлый', 'обнулиться', 'предатель', 'спутник', 'рождаться', 'недостойный', 'ад', 'прекрасный', 'век', 'победитель', 'история', 'юмор', 'кубинец', 'голландец', 'ковидиот', 'раб', 'саранча', 'фильм', 'концлагерь', 'каста', 'оскорбление', 'персонаж', 'человечество', 'зло', 'великий', 'барин', 'бессильный', 'темный', 'запашный', 'токо', 'флаг', 'язык', 'эпоха', 'песня', 'плакат', 'художник', 'дегенерат', 'ныне', 'всадник', 'хоррор', 'трусливый', 'интеллигенция', 'чудо', 'еврей', 'древний', 'меркурий', 'любовь', 'зверь', 'обыденность', 'ссср', 'чума', 'плодить', 'уважение', 'жанр', 'товарищ', 'слеза', 'русский', 'клоун', 'тунберг', 'быдло', 'настя', 'маразм', 'рай', 'революция']",12,World Past & Future
33,"['вирус', 'вакцина', 'sars', 'клетка', 'cov', 'белок', 'организм', 'иммунитет', 'препарат', 'витамин', 'мочь', 'профессор', 'ученый', 'лечение', 'антитело', 'исследование', 'лекарство', 'инфекция', 'заболевание', 'дростный', 'больной', 'клеточный', 'covid', 'риск', 'рнк', 'клинический', 'рука', 'вирусный', 'разработка', 'антикоагулянт', 'изучать', 'испытание', 'использовать', 'проникать', 'бактерия', 'иметь', 'кошка', 'ткань', 'легочный', 'противовирусный', 'доза', 'оболочка', 'являться', 'гликопротеин', 'рецептор', 'высокий', 'микроорганизм', 'проникновение', 'год', 'также']","['почка', 'ген', 'слой', 'кровь', 'вышка', 'поверхность', 'спектр', 'sars', 'белок', 'бактерия', 'вирус', 'ткань', 'витамин', 'тип', 'клетка', 'жидкость', 'мозг', 'чихание', 'воздух', 'тело', 'животное', 'патоген', 'растение', 'рецептор', 'размножаться', 'передаваться', 'бодрствование', 'поражать', 'проникновение', 'доза', 'тромбообразование', 'капля', 'противовирусный', 'иммунитет', 'мышь', 'атмосфера', 'малярийный', 'отход', 'cov', 'микроорганизм', 'организм', 'кошка', 'mers', 'головной', 'гликопротеин', 'альвеола', 'ротовой', 'антитело', 'геном', 'плазмодий', 'вирусный', 'расширяться', 'влажность', 'деление', 'мембрана', 'летучий', 'панголин', 'респираторный', 'обладать', 'коронка', 'полость', 'ncov', 'оболочка', 'проникать', 'клеточный', 'мутировать', 'иммунный', 'легочный', 'сходство', 'генетический', 'вес', 'везикл', 'эритроцит', 'передача', 'частота', 'энергия', 'антибиотик', 'комбинация', 'загадка', 'бактериальный', 'паразит', 'рнк', 'частица']",13,COVID chemistry
34,"['право', 'закон', 'депутат', 'штраф', 'выборы', 'полиция', 'нарушение', 'конституция', 'шаман', 'власть', 'голосование', 'уголовный', 'самоизоляция', 'путин', 'насилие', 'госдума', 'девушка', 'собянин', 'свобода', 'поправка', 'цифровой', 'мошенник', 'задерживать', 'административный', 'рф', 'мвд', 'нападывать', 'габышев', 'мужчина', 'изнасиловать', 'элита', 'путинский', 'летний', 'дело', 'полицай', 'коап', 'медведев', 'дума', 'россия', 'силовик', 'местный', 'володин', 'концлагерь', 'народ', 'значок', 'каста', 'гражданин', 'лишение', 'конституционный', 'жительница']","['перечень', 'карантин', 'поправка', 'гражданин', 'силовик', 'домашний', 'положение', 'житель', 'чп', 'распоряжение', 'общественный', 'фсин', 'комендантский', 'митинг', 'указ', 'вывоз', 'кабмин', 'полиция', 'ношение', 'запрет', 'контроль', 'карательный', 'закон', 'обязанность', 'карантинный', 'полицейский', 'информирование', 'скопление', 'конституционный', 'суд', 'свобода', 'лишение', 'требовать', 'пункт', 'добровольный', 'территория', 'москвич', 'штраф', 'дистанция', 'роспотребнадзор', 'соблюдение', 'обращение', 'правонарушение', 'протест', 'всеобщий', 'право', 'собянин', 'введение', 'выезд', 'ограничение', 'уголовный', 'мероприятие', 'передвижение', 'заключенный', 'лицо', 'инструкция', 'федерация', 'мэр', 'запрещать', 'рекомендация', 'въезд', 'соответствие', 'конституция', 'ограничительный', 'жесткий', 'предосторожность', 'штрафовать', 'ответственность', 'исполнение', 'призыв', 'подчиняться', 'требование', 'нарушение', 'отказ', 'нарушитель', 'эпидемиологический', 'постановление', 'правительство', 'блокировка', 'регион', 'правило', 'административный', 'самоизоляция', 'проверка', 'масочный', 'вводиться', 'резидент', 'безответственно', 'наказывать', 'пропускной', 'рф', 'потребовать', 'носить', 'горожанин', 'рекомендовать', 'ограничивать', 'вводить', 'санитарный', 'мера', 'разрешать', 'коап', 'подписывать', 'преступление', 'насилие', 'нарушать', 'изоляция', 'режим', 'дистанцирование', 'обязывать', 'норма', 'повышенный', 'власть', 'безопасность', 'обязательный', 'призывать', 'посещение', 'губернатор', 'чрезвычайный', 'соблюдать', 'кодекс', 'временный', 'порядок']",5,Measures & Law
35,"['российский', 'россия', 'политический', 'журналист', 'голосование', 'депутат', 'выборы', 'times', 'издание', 'путин', 'русский', 'сми', 'военный', 'рф', 'статья', 'насилие', 'фейк', 'заявление', 'власть', 'публикация', 'россиянин', 'александр', 'заявлять', 'материал', 'гуманитарный', 'обвинять', 'кремль', 'госдума', 'оксана', 'мид', 'конституция', 'итальянский', 'информация', 'пушкин', 'газета', 'мясников', 'отношение', 'глава', 'утверждение', 'критика', 'york', 'украинский', 'официальный', 'противостояние', 'кремлевский', 'дело', 'задерживать', 'президент', 'называть', 'редактор']","['элита', 'илларионов', 'критика', 'преступный', 'михалков', 'партия', 'российский', 'скандал', 'конспирология', 'порошенко', 'кургинян', 'итальянский', 'бунт', 'теория', 'американский', 'путинский', 'либеральный', 'очередной', 'авторитарный', 'канцлер', 'идея', 'аваков', 'избранный', 'противостояние', 'шведский', 'кс', 'прорыв', 'недовольство', 'вашингтон', 'путин', 'критиковать', 'политик', 'причастный', 'народный', 'всемирный', 'мнение', 'бла', 'демократ', 'демократия', 'обвинять', 'чиновник', 'союзник', 'эрдоган', 'слово', 'билл', 'конспиролог', 'сорос', 'истерия', 'лукашенко', 'разоблачать', 'отставка', 'михалкова', 'меркель', 'кремль', 'бесогон', 'лидер', 'пекин', 'некомпетентный', 'американец', 'сми', 'олигарх', 'событие', 'кандидат', 'воз', 'выступление', 'чипирование', 'халатность', 'информационный', 'сенатор', 'заговор', 'разговор', 'гейтс', 'дезинформация', 'украинский', 'белорусский', 'политика', 'коррупция', 'белый', 'коломойский', 'кремлевский', 'кампания', 'выборы', 'влиятельный', 'либерал', 'батька', 'утверждение', 'трамп', 'заявление', 'дональд', 'повод', 'пропаганда', 'санкция', 'послание', 'слуга', 'афера', 'зеленский', 'президент', 'расследование', 'ругать', 'популизм', 'сообщество', 'греф', 'нация', 'политический']",19,"Politics, Conspirology"
36,"['компания', 'рынок', 'год', 'кризис', 'млрд', 'экономика', 'бизнес', 'финансовый', 'доллар', 'крупный', 'предприятие', 'отрасль', 'доход', 'торговый', 'падение', 'банк', 'акция', 'бюджет', 'недвижимость', 'аренда', 'производство', 'евро', 'рубль', 'арендатор', 'расход', 'торговля', 'ставка', 'цирк', 'частный', 'миллиард', 'сектор', 'цена', 'государственный', 'деньги', 'потребление', 'запашный', 'forbes', 'фрс', 'инвестор', 'спортмастер', 'апрель', 'нефтяной', 'выручка', 'основатель', 'арендодатель', 'капитал', 'кредит', 'часть', 'арендный', 'мочь']","['финансовый', 'хаос', 'цена', 'безработица', 'доллар', 'сектор', 'рецессия', 'экспорт', 'капитал', 'государство', 'дефицит', 'акция', 'международный', 'катастрофа', 'рынок', 'недвижимость', 'газпром', 'богатый', 'фонд', 'дефолт', 'банкротство', 'глобализация', 'инвестор', 'отрасль', 'сфера', 'бедность', 'фон', 'финансирование', 'экономический', 'газ', 'компания', 'капитализм', 'аналитик', 'торговля', 'мировой', 'нефтяной', 'миллиард', 'золото', 'экономика', 'нефть', 'глобальный', 'резервный', 'крупный', 'фрс', 'потребление', 'вклад', 'производство', 'энергетический', 'торговый', 'государственный', 'потеря', 'крах', 'резерв', 'мвф', 'туризм', 'оптимизация', 'стабильность', 'отечественный', 'спрос', 'миллиардер', 'бизнес', 'падение', 'млрд', 'кризис']",11,Financial crisis
37,"['день', 'пляж', 'машина', 'кипр', 'парк', 'дом', 'город', 'июнь', 'фото', 'самоизоляция', 'открываться', 'погода', 'поехать', 'дистанция', 'ирина', 'улица', 'мост', 'градус', 'гулять', 'пропуск', 'май', 'час', 'слепой', 'зал', 'карантин', 'инвалид', 'сходить', 'утро', 'ресторан', 'комната', 'чай', 'ходить', 'вино', 'кот', 'дорога', 'двор', 'текст', 'друг', 'чат', 'библиотека', 'кофе', 'марина', 'вос', 'работа', 'неделя', 'река', 'полиция', 'вечер', 'латвия', 'отопление']","['завод', 'закрытый', 'дорога', 'борисполь', 'карета', 'переулок', 'двор', 'транспорт', 'парикмахерская', 'красный', 'пробка', 'река', 'улица', 'ворота', 'офис', 'закрывать', 'вход', 'куршевель', 'приезжий', 'красота', 'магазин', 'садовый', 'тц', 'отель', 'пруд', 'помещение', 'улочка', 'сад', 'морской', 'салон', 'аэропорт', 'оттуда', 'ферма', 'метрополитен', 'свободно', 'маршрут', 'лагерь', 'стройка', 'метро', 'прогулка', 'подъезд', 'автомобиль', 'закрываться', 'ресторан', 'метр', 'пустой', 'книжный', 'турин', 'санаторий', 'площадка', 'пляж', 'прадо', 'павильон', 'мост', 'толпа', 'зал', 'лес', 'набережная', 'турист', 'поезд', 'синдзюк', 'гостиница', 'располагаться', 'брайтон', 'кафе', 'дверь', 'троллейбус', 'машина', 'окно', 'железнодорожный', 'пустынный', 'трущоба', 'городок', 'парк', 'пикет', 'курорт', 'город', 'стадион', 'гроб', 'оранжевый', 'микрорайон', 'такси', 'площадь', 'кофейня', 'станция', 'замок', 'пассажир', 'здание', 'мимо']",6,Locations
38,"['маска', 'перчатка', 'костюм', 'магазин', 'защитный', 'надевать', 'рубль', 'носить', 'ношение', 'цена', 'одноразовый', 'девушка', 'транспорт', 'мэрия', 'метро', 'продажа', 'штука', 'фильтр', 'защита', 'купить', 'масочный', 'продавать', 'пассажир', 'медицинский', 'купальник', 'обсерватор', 'очки', 'прозрачный', 'медсестра', 'фото', 'салон', 'обрабатывать', 'товар', 'закупать', 'тульский', 'светлана', 'метрополитен', 'замечание', 'москва', 'китай', 'сертификация', 'комбинезон', 'перегородка', 'вид', 'средство', 'дезинфицировать', 'оптовик', 'трехслойный', 'многоразовый', 'взыскание']","['продавец', 'доставка', 'трехслойный', 'защитный', 'питание', 'многоразовый', 'продавать', 'спортмастер', 'оборудование', 'раствор', 'раздавать', 'респиратор', 'дезинфицировать', 'медоборудование', 'средство', 'продажа', 'сизый', 'мытье', 'бумага', 'закупка', 'комбинезон', 'операционный', 'обрабатывать', 'покупатель', 'костюм', 'раздача', 'производитель', 'груз', 'салфетка', 'покупать', 'санитайзер', 'аппарат', 'антисептик', 'закупать', 'еда', 'прозрачный', 'спирт', 'экспресс', 'товар', 'заказ', 'продуктовый', 'техника', 'продукт', 'маска', 'тонна', 'заказывать', 'марля', 'антисептика', 'одежда', 'шить', 'штука', 'перчатка', 'впаривать', 'одноразовый', 'персонал', 'купить', 'прибор', 'дезинфекция', 'предмет', 'туалетный', 'аптека', 'банкомат', 'фильтр', 'дезинфицирующий', 'сертификация', 'очки', 'обслуживать', 'бесплатно', 'набор', 'мыло', 'самолет', 'индивидуальный', 'мед']",17,Protective means
39,"['врач', 'больница', 'медик', 'скорый', 'выплата', 'больной', 'помощь', 'папа', 'сотрудник', 'пациент', 'мама', 'поликлиника', 'работать', 'ковид', 'температура', 'работник', 'доплата', 'работа', 'рубль', 'день', 'медработник', 'пневмония', 'получать', 'апрель', 'родственник', 'рассказывать', 'внебольничный', 'болеть', 'медсестра', 'госпиталь', 'медперсонал', 'сказать', 'час', 'медицинский', 'надбавка', 'звонить', 'помогать', 'реанимация', 'позвонить', 'лечиться', 'невыплата', 'главврач', 'водитель', 'село', 'умирать', 'морг', 'дочь', 'перепрофилировать', 'следователь', 'пациентка']","['легкое', 'инсульт', 'положительный', 'госпитализировать', 'пневмония', 'вскрытие', 'антикоагулянт', 'куршевелец', 'тяжесть', 'пожилой', 'кислород', 'скорый', 'прием', 'болеть', 'ивл', 'мужчина', 'лечить', 'новорожденный', 'сердце', 'болезнь', 'тестировать', 'заболевание', 'реанимационный', 'инфекционный', 'состояние', 'тесто', 'коммунарка', 'отрицательный', 'терапия', 'инфекция', 'перепрофилировать', 'морг', 'врач', 'лечиться', 'внебольничный', 'ковид', 'медсестра', 'протекать', 'стационар', 'джонсон', 'реанимация', 'пациент', 'клинический', 'медперсонал', 'диагноз', 'медик', 'отделение', 'койка', 'кашель', 'палата', 'лечение', 'рак', 'температура', 'выписывать', 'беременный', 'здоровый', 'анализ', 'больничный', 'больной', 'поликлиника', 'вылечивать', 'боль', 'короновирус', 'медработник', 'орит', 'острый', 'пациентка', 'помещать', 'больница', 'переболеть', 'легкий', 'госпиталь', 'симптом', 'признак', 'подозрение', 'тяжелый']",14,Disease Treatment
40,"['видео', 'гейтс', 'билл', 'михалков', 'заговор', 'ролик', 'комментарий', 'теория', 'греф', 'бесогон', 'вакцинация', 'технология', 'чип', 'конспирология', 'никита', 'вакцина', 'чипирование', 'павел', 'планета', 'спектакль', 'либерал', 'пропаганда', 'режиссер', 'либеральный', 'кадыров', 'скандал', 'песня', 'канал', 'поделиться', 'навальный', 'подчиняться', 'полицейский', 'тема', 'манифест', 'вышка', 'ссыль', 'афера', 'версия', 'степанов', 'заклад', 'правда', 'отвечать', 'конспиролог', 'пикет', 'чушь', 'михалкова', 'супрун', 'барин', 'ходос', 'познер']","['элита', 'илларионов', 'критика', 'преступный', 'михалков', 'партия', 'российский', 'скандал', 'конспирология', 'порошенко', 'кургинян', 'итальянский', 'бунт', 'теория', 'американский', 'путинский', 'либеральный', 'очередной', 'авторитарный', 'канцлер', 'идея', 'аваков', 'избранный', 'противостояние', 'шведский', 'кс', 'прорыв', 'недовольство', 'вашингтон', 'путин', 'критиковать', 'политик', 'причастный', 'народный', 'всемирный', 'мнение', 'бла', 'демократ', 'демократия', 'обвинять', 'чиновник', 'союзник', 'эрдоган', 'слово', 'билл', 'конспиролог', 'сорос', 'истерия', 'лукашенко', 'разоблачать', 'отставка', 'михалкова', 'меркель', 'кремль', 'бесогон', 'лидер', 'пекин', 'некомпетентный', 'американец', 'сми', 'олигарх', 'событие', 'кандидат', 'воз', 'выступление', 'чипирование', 'халатность', 'информационный', 'сенатор', 'заговор', 'разговор', 'гейтс', 'дезинформация', 'украинский', 'белорусский', 'политика', 'коррупция', 'белый', 'коломойский', 'кремлевский', 'кампания', 'выборы', 'влиятельный', 'либерал', 'батька', 'утверждение', 'трамп', 'заявление', 'дональд', 'повод', 'пропаганда', 'санкция', 'послание', 'слуга', 'афера', 'зеленский', 'президент', 'расследование', 'ругать', 'популизм', 'сообщество', 'греф', 'нация', 'политический']",19,"Politics, Conspirology"
41,"['мера', 'королевство', 'министерство', 'мечеть', 'предосторожность', 'саудовский', 'соблюдение', 'хиджра', 'шавваль', 'кса', 'вакцинация', 'аравия', 'гражданин', 'эр-рияд', 'прививка', 'административный', 'молитва', 'провинция', 'соответствие', 'сектор', 'эпидемиологический', 'отказ', 'распространение', 'превентивный', 'год', 'коап', 'проект', 'проведение', 'здравоохранение', 'санитарный', 'штраф', 'абдель', 'принц', 'кодекс', 'kahhar', 'комендантский', 'резидент', 'приостановка', 'мекка', 'ислам', 'шавааль', 'случай', 'май', 'правонарушение', 'королевский', 'здоровье', 'пятничный', 'высочество', 'новак', 'салман']","['перечень', 'карантин', 'поправка', 'гражданин', 'силовик', 'домашний', 'положение', 'житель', 'чп', 'распоряжение', 'общественный', 'фсин', 'комендантский', 'митинг', 'указ', 'вывоз', 'кабмин', 'полиция', 'ношение', 'запрет', 'контроль', 'карательный', 'закон', 'обязанность', 'карантинный', 'полицейский', 'информирование', 'скопление', 'конституционный', 'суд', 'свобода', 'лишение', 'требовать', 'пункт', 'добровольный', 'территория', 'москвич', 'штраф', 'дистанция', 'роспотребнадзор', 'соблюдение', 'обращение', 'правонарушение', 'протест', 'всеобщий', 'право', 'собянин', 'введение', 'выезд', 'ограничение', 'уголовный', 'мероприятие', 'передвижение', 'заключенный', 'лицо', 'инструкция', 'федерация', 'мэр', 'запрещать', 'рекомендация', 'въезд', 'соответствие', 'конституция', 'ограничительный', 'жесткий', 'предосторожность', 'штрафовать', 'ответственность', 'исполнение', 'призыв', 'подчиняться', 'требование', 'нарушение', 'отказ', 'нарушитель', 'эпидемиологический', 'постановление', 'правительство', 'блокировка', 'регион', 'правило', 'административный', 'самоизоляция', 'проверка', 'масочный', 'вводиться', 'резидент', 'безответственно', 'наказывать', 'пропускной', 'рф', 'потребовать', 'носить', 'горожанин', 'рекомендовать', 'ограничивать', 'вводить', 'санитарный', 'мера', 'разрешать', 'коап', 'подписывать', 'преступление', 'насилие', 'нарушать', 'изоляция', 'режим', 'дистанцирование', 'обязывать', 'норма', 'повышенный', 'власть', 'безопасность', 'обязательный', 'призывать', 'посещение', 'губернатор', 'чрезвычайный', 'соблюдать', 'кодекс', 'временный', 'порядок']",5,Measures & Law
